{"accuracy": [0.24889706075191498, 0.5367646813392639, 0.6470588445663452, 0.7095588445663452, 0.7415441274642944, 0.7551470398902893, 0.7886029481887817, 0.7922794222831726, 0.8029412031173706, 0.8025735020637512, 0.8165441155433655, 0.8121323585510254, 0.7966911792755127, 0.8165441155433655], "loss": [5.069955825805664, 2.647310256958008, 2.342484712600708, 2.1168129444122314, 2.0343573093414307, 1.9176757335662842, 1.8571187257766724, 1.7660897970199585, 1.665614366531372, 1.6132603883743286, 1.5576096773147583, 1.46070396900177, 1.4730006456375122, 1.3713111877441406], "val_accuracy": [0.5154380798339844, 0.6992138624191284, 0.7654095888137817, 0.7991340756416321, 0.8182750344276428, 0.8339979648590088, 0.8458471298217773, 0.8434544801712036, 0.8551896810531616, 0.8570126295089722, 0.8662413358688354, 0.8624814748764038, 0.8705708384513855, 0.8663552403450012], "val_loss": [2.935711622238159, 2.0622055530548096, 1.945967674255371, 1.8526252508163452, 1.7883245944976807, 1.7048901319503784, 1.6284973621368408, 1.555745005607605, 1.46876060962677, 1.3799506425857544, 1.3133295774459839, 1.2374300956726074, NaN, NaN]}