{"accuracy": [0.7643075585365295, 0.8808450102806091, 0.8964222073554993, 0.9049718976020813, 0.9061526656150818, 0.9098798036575317, 0.9123408198356628, 0.915826141834259, 0.9136496186256409, 0.9159684181213379, 0.9171633720397949, 0.9169926643371582, 0.920392632484436, 0.9220428466796875, 0.922057032585144], "loss": [0.9019573330879211, 0.40300214290618896, 0.3331122398376465, 0.30131328105926514, 0.29026398062705994, 0.27490490674972534, 0.26645463705062866, 0.25888124108314514, 0.26032376289367676, 0.2514205276966095, 0.250409334897995, 0.24847412109375, 0.2346578985452652, 0.23461537063121796, 0.23307831585407257], "val_accuracy": [0.9031559824943542, 0.9227526783943176, 0.9286772012710571, 0.936424732208252, 0.9365386962890625, 0.9376780390739441, 0.9420075416564941, 0.9418935775756836, 0.9430329203605652, 0.9455394744873047, 0.9430329203605652, 0.9432607889175415, 0.9490714073181152, 0.9515779614448547, 0.9516919255256653], "val_loss": [0.38976579904556274, 0.28172364830970764, 0.24103252589702606, 0.2162620723247528, 0.20476870238780975, 0.19638673961162567, 0.1857636719942093, 0.182415172457695, 0.177025705575943, 0.1703481525182724, 0.17081601917743683, 0.17319633066654205, 0.15563005208969116, 0.15253311395645142, 0.15299801528453827], "learning_rate": [0.0010000000474974513, 0.0010000000474974513, 0.0010000000474974513, 0.0010000000474974513, 0.0010000000474974513, 0.0010000000474974513, 0.0010000000474974513, 0.0010000000474974513, 0.0010000000474974513, 0.0010000000474974513, 0.0010000000474974513, 0.0010000000474974513, 0.0005000000237487257, 0.0005000000237487257, 0.0005000000237487257]}