{"accuracy": [0.8241980075836182, 0.9557721018791199, 0.9766839742660522, 0.9814638495445251, 0.9803826808929443, 0.9820044040679932, 0.9863290190696716, 0.9901842474937439], "loss": [1.470880389213562, 0.9206622838973999, 0.8257583379745483, 0.8010043501853943, 0.8016193509101868, 0.7898987531661987, 0.7727886438369751, 0.7472652196884155], "val_accuracy": [0.3228893578052521, 0.9085108637809753, 0.9454255700111389, 0.929702639579773, 0.9087387323379517, 0.8321750164031982, 0.8705708384513855, 0.9293608069419861], "val_loss": [29.828472137451172, 1.0326482057571411, 0.8868424892425537, 0.9273308515548706, 0.9687520861625671, 1.1783736944198608, 1.07633376121521, 0.9046548008918762], "learning_rate": [0.0010000000474974513, 0.0010000000474974513, 0.0010000000474974513, 0.0010000000474974513, 0.0010000000474974513, 0.0010000000474974513, 0.0010000000474974513, 0.000800000037997961]}